景点名称,省份,景点门票价格,评分
北京环球度假区,北京,388,4.6
恭王府,北京,40,4.8
中国国家博物馆,北京,免费,暂无评分
八达岭长城,北京,35,4.7
天坛公园,北京,免费,4.7
故宫博物院,北京,70,4.9
颐和园,北京,免费,4.7
慕田峪长城,北京,45,4.8
泡泡玛特城市乐园,北京,98,4.5
北京登览长城,北京,免费,0
北京赏银杏,北京,免费,0
朝阳公园,北京,免费,4.7
什刹海风景区,北京,免费,4.7
天安门广场,北京,免费,暂无评分
雍和宫,北京,免费,4.7
北京野生动物园,北京,145,4.7
北京赏红叶,北京,免费,0
圆明园,北京,10,暂无评分
国家自然博物馆,北京,免费,4.7
泰达航母主题公园,天津,220,4.6
海河游船,天津,80,4.8
天津欢乐谷,天津,158,4.7
张园,天津,30,4.7
海合安天津极地海洋公园,天津,119,4.5
国家海洋博物馆,天津,免费,4.5
天津之眼摩天轮,天津,90,4.6
瓷房子,天津,50,4.3
五大道,天津,免费,4.7
张学良故居,天津,75,4.6
静园,天津,19,4.7
海河,天津,免费,4.8
天津方特欢乐世界,天津,99,4.9
天津古文化街旅游区,天津,免费,4.7
杨柳青古镇,天津,免费,4.5
意大利风情区,天津,免费,4.7
天津博物馆,天津,免费,4.6
天津动物园,天津,30,4.7
天津之心·津塔观光厅,天津,89,5
衡水湖旅游景区,河北,免费,4.4
正定古城,河北,免费,4.7
河北博物院,河北,免费,4.8
易水湖景区,河北,135,4.5
避暑山庄,河北,130,4.6
阿那亚·秦皇岛,河北,免费,4.4
广府古城,河北,免费,4.3
山海关,河北,55,4.5
河头老街,河北,98,4.7
太舞滑雪小镇,河北,免费,4.8
老龙头,河北,55,4.6
南戴河仙螺岛,河北,143,4
南戴河,河北,免费,4.5
鸽子窝公园,河北,35,4.5
渔田七里海度假区,河北,129,4.7
只有红楼梦戏剧幻城,河北,158,4.8
隆兴寺,河北,50,4.8
北戴河,河北,免费,4.6
新澳海底世界,河北,123,4.8
娲皇宫,河北,68,4.6
山西王家大院,山西,免费,4.7
平遥古城,山西,121,4.6
乔家大院文化园区,山西,115,4.7
晋祠博物馆,山西,78,4.8
山西黄河壶口瀑布旅游区,山西,75,4.7
云冈石窟,山西,120,4.8
应县木塔景区,山西,48,4.8
悬空寺,山西,15,4.7
华严寺,山西,50,4.8
小西天,山西,35,4.8
山西博物院,山西,免费,4.8
忻州古城,山西,免费,4.7
雁门关景区,山西,85,4.7
大同古城,山西,免费,4.7
太行山大峡谷八泉峡景区,山西,100,4.6
五台山,山西,135,4.6
太原植物园,山西,50,4.7
太原古县城景区,山西,免费,4
鹳雀楼,山西,54,4.5
善化寺,山西,40,4.8
阿尔山国家森林公园,内蒙古,178,4.3
额济纳胡杨林旅游区,内蒙古,免费,4.4
成吉思汗陵,内蒙古,90,4.3
哈达门国家森林公园,内蒙古,40,4.4
居延海,内蒙古,免费,4.5
大召寺,内蒙古,35,4.7
响沙湾,内蒙古,120,4.4
乌兰布统旅游区,内蒙古,113,4.5
黄花沟草原旅游度假区,内蒙古,90,4.3
乌兰哈达火山地质公园,内蒙古,58,4.2
呼伦贝尔大草原,内蒙古,免费,4.7
满洲里国门景区,内蒙古,57,4.5
满洲里市中俄边境旅游区,内蒙古,免费,4.5
莫尔道嘎国家森林公园,内蒙古,95,4.5
额尔古纳国家湿地公园,内蒙古,60,4.3
莫尔格勒河景区,内蒙古,免费,4.6
千古马颂,内蒙古,199,4.4
席力图召,内蒙古,25,4.7
辉腾锡勒草原,内蒙古,免费,4.3
额尔古纳湿地,内蒙古,65,4.2
龙潭大峡谷,辽宁,63,4.4
沈阳“九·一八”历史博物馆,辽宁,免费,暂无评分
辽宁朝阳鸟化石国家地质公园,辽宁,80,4.7
张学良旧居,辽宁,48,4.7
老铁山黄渤海分界线,辽宁,20,4.6
沈阳故宫,辽宁,50,4.7
沈阳方城文化旅游区,辽宁,免费,4.7
大连海昌东方水城,辽宁,68,4.5
老虎滩海洋公园,辽宁,210,4.4
辽宁省博物馆,辽宁,免费,4.9
大连森林动物园,辽宁,116,4.7
大连圣亚海洋世界,辽宁,188,4.5
沈阳方特欢乐世界,辽宁,159,4.9
星海公园,辽宁,免费,4.6
本溪老边沟风景区,辽宁,70,4.6
清河半岛温泉,辽宁,259,4.4
棒棰岛,辽宁,40,4.4
锦州笔架山风景区,辽宁,65,4.5
星海广场,辽宁,免费,4.7
中街,辽宁,免费,4.6
吉林松花湖风景名胜区,吉林,10,4.3
朱雀山国家森林公园,吉林,30,4.5
中旅松花湖度假区,吉林,免费,4.7
红石国家森林公园,吉林,85,4.7
伪满皇宫博物院,吉林,60,暂无评分
北大湖滑雪度假区,吉林,358,4.6
中旅松花湖滑雪场,吉林,260,4.6
北山公园,吉林,免费,4.4
松花江,吉林,免费,4.6
拉法山国家森林公园,吉林,免费,4.2
雾凇岛,吉林,50,4.6
吉林市博物馆,吉林,免费,4.6
世纪广场,吉林,免费,4.7
蛟河红叶谷,吉林,免费,4.1
吉林天主教堂,吉林,免费,4.8
阿什小雾凇岛,吉林,免费,5
吉林陨石雨博物馆,吉林,免费,4.5
雾凇长廊,吉林,免费,5
吉林市赏红叶,吉林,免费,0
鸣山绿洲滑雪场,吉林,129,4.4
扎龙生态旅游区,黑龙江,73,4.6
镜泊湖风景区,黑龙江,98,4.4
黑瞎子岛旅游区,黑龙江,142,4.5
北极村,黑龙江,88,4.4
五大连池风景区,黑龙江,免费,4.5
哈尔滨冰雪大世界,黑龙江,180,4.4
东北虎林园,黑龙江,90,4.6
哈药六版画博物馆,黑龙江,49,4.5
哈药集团制药六厂,黑龙江,免费,3.9
松花江观光索道,黑龙江,58,4.5
伏尔加庄园,黑龙江,154,4.6
哈尔滨极地公园,黑龙江,55,4.9
太阳岛风景区,黑龙江,免费,4.5
中央大街,黑龙江,免费,4.8
圣索菲亚教堂,黑龙江,25,4.6
哈尔滨索菲亚广场,黑龙江,免费,4.6
汤旺河林海奇石景区,黑龙江,110,4.6
中国雪乡,黑龙江,85,4.6
中华巴洛克,黑龙江,免费,4.8
横道河子东北虎林园,黑龙江,45,4.7
上海迪士尼度假区,上海,411,4.7
上海辰山植物园,上海,60,4.8
上海影视乐园,上海,47,4.3
上海野生动物园,上海,154,4.7
豫园,上海,39,4.7
外滩,上海,免费,4.8
东方明珠,上海,197,4.7
2026上海劳力士大师赛,上海,420,0
上海海昌海洋公园,上海,169,4.6
上海乐高乐园®度假区,上海,297,4.6
2026上海马拉松,上海,免费,5
陆家嘴,上海,免费,4.8
迪士尼小镇,上海,免费,4.8
上海海洋水族馆,上海,117,4.7
上海中心大厦,上海,170,4.6
上海千古情景区,上海,139,4.7
上海展馆深度游览,上海,免费,0
上海天文馆,上海,30,4.8
上海博物馆,上海,135,4.6
黄浦江游览(十六铺码头),上海,110,4.4
溱潼古镇,江苏,32,4.3
溱湖国家湿地公园,江苏,72,4.5
中华麋鹿园,江苏,45,4.5
安徒生童话乐园,江苏,95,4.3
瘦西湖,江苏,58,4.7
拙政园,江苏,80,4.6
牛首山文化旅游区,江苏,145,4.7
红山森林动物园,江苏,65,4.7
无锡市太湖鼋头渚风景区,江苏,85,4.6
南京博物院,江苏,免费,4.7
寒山寺,江苏,17,4.6
夫子庙,江苏,29,4.6
枫桥景区,江苏,免费,4.7
夫子庙秦淮风光带,江苏,免费,4.7
狮子林,江苏,40,4.7
虎丘山风景名胜区,江苏,69,4.7
苏州博物馆,江苏,免费,4.8
龟山汉墓,江苏,67,4.7
龟山景区,江苏,免费,3.7
留园,江苏,55,4.7
地下长河景区,浙江,60,4.5
诸葛八卦村景区,浙江,85,4.2
大慈岩风景区,浙江,75,4.6
雁荡山,浙江,50,4.6
横店影视城,浙江,211,4.7
西湖风景名胜区,浙江,免费,4.7
灵隐飞来峰景区,浙江,免费,4.6
灵隐寺,浙江,免费,4.7
南浔古镇,浙江,免费,4.6
普陀山风景区,浙江,217,4.7
神仙居,浙江,96,4.7
杭州宋城,浙江,260,4.7
天一阁博物院,浙江,26,4.8
乌镇,浙江,100,4.5
天一阁·月湖景区,浙江,26,4.7
西湖游船,浙江,70,4.5
千岛湖景区,浙江,45.5,4.4
缙云仙都景区,浙江,90,4.6
鲁迅故里,浙江,免费,4.7
宏村景区,安徽,94,4.5
九华山风景区,安徽,160,4.8
黄山风景区,安徽,188,4.8
呈坎,安徽,103,4.3
三河古镇,安徽,免费,4.7
徽州古城,安徽,免费,4.2
西递,安徽,94,4.6
古徽州文化旅游区,安徽,免费,4.3
齐云山景区,安徽,58,4.7
石台牯牛降景区,安徽,90,4.7
天柱山,安徽,130,4.7
安徽博物院(新馆),安徽,免费,4.7
逍遥津公园,安徽,免费,4.7
查济,安徽,61,4.3
天堂寨,安徽,88,4.6
永泉小镇,安徽,65,4.2
李鸿章故居,安徽,免费,4.7
新安江山水画廊,安徽,138,4.5
桃花潭,安徽,63,4.5
西溪南古村落,安徽,免费,4.3
金湖,福建,163,4.3
桂峰古村落景区,福建,18.8,4.6
泰宁风景旅游区,福建,免费,4.5
冠豸山景区,福建,80,4.6
湄洲岛,福建,125,4.5
鼓浪屿,福建,免费,4.5
武夷山国家公园,福建,70,4.6
平潭岛,福建,免费,4.6
厦门园林植物园,福建,30,4.6
钟鼓索道,福建,80,4.6
三坊七巷,福建,免费,4.6
泉州提线木偶戏表演,福建,108,5
云水谣景区,福建,90,4.4
泉州开元寺,福建,免费,4.7
仙人井,福建,33,4.4
南少林寺,福建,免费,4.7
胡里山炮台,福建,25,4.7
厦门科技馆,福建,120,4.9
厦门大学(思明校区),福建,免费,4.6
68海里景区,福建,66,4.5
婺源篁岭景区,江西,145,4.6
望仙谷,江西,140,4.5
婺女洲度假区,江西,125,4.4
三清山风景区,江西,120,4.7
萍乡武功山风景区,江西,68,4.5
滕王阁旅游区,江西,47.5,4.5
庐山风景名胜区,江西,160,4.5
陶阳里旅游区,江西,53,4.6
景德镇中国陶瓷博物馆,江西,免费,4.3
南昌汉代海昏侯国遗址公园,江西,60,4.7
葛仙村度假区,江西,127,4.5
江西武功山国家风景名胜区,江西,免费,4.7
江西省博物馆,江西,免费,4.7
江南宋城历史文化旅游区,江西,免费,4.6
灵山风景区,江西,75,4.6
景德镇古窑民俗博览区,江西,85,4.5
龙虎山风景名胜区,江西,135,4.5
南昌之星摩天轮,江西,46.8,4.6
陶溪川文创街区,江西,免费,4.6
南昌八一起义纪念馆,江西,免费,暂无评分
泰山风景区,山东,115,4.7
沂蒙山云蒙景区(蒙山国家森林公园),山东,65,4.5
沂蒙山旅游区龟蒙景区,山东,65,4.5
曲阜三孔景区,山东,138,4.6
琅琊古城,山东,118,4.7
青岛啤酒博物馆,山东,60,4.8
趵突泉景区,山东,40,4.6
崂山风景区,山东,90,4.7
刘公岛景区,山东,122,4.6
大明湖景区,山东,免费,4.6
青州古城,山东,4.5,4.5
信号山公园,山东,免费,4.5
八大关,山东,免费,4.5
蓬莱阁,山东,100,4.6
天下第一泉风景区,山东,免费,4.6
海合安青岛极地海洋公园,山东,229,4.7
青岛奥帆中心,山东,免费,4.6
青岛海底世界,山东,96,4.6
山东博物馆,山东,免费,4.9
千佛山,山东,28,4.7
嵩山少林景区,河南,80,4.5
云台山风景名胜区,河南,178,4.7
清明上河园,河南,118,4.6
太行大峡谷景区,河南,138,4.5
河南宝泉旅游区,河南,231,4.5
龙门石窟,河南,88,4.7
老君山景区,河南,98,4.7
万岁山武侠城,河南,98,4.6
宋都皇城旅游度假区,河南,免费,4.6
只有河南·戏剧幻城,河南,290,4.7
洛阳博物馆,河南,免费,4.7
河南博物院,河南,免费,4.8
开封府,河南,58,4.5
开封博物馆,河南,免费,4.8
郑州银基动物王国,河南,99,4.4
隋唐洛阳城应天门遗址,河南,56,4.5
白马寺,河南,免费,4.6
隋唐洛阳城国家遗址公园,河南,免费,4.4
汴河游船,河南,30,4.7
洛邑古城,河南,免费,4.2
三峡大坝旅游区,湖北,免费,4.7
武当山风景区,湖北,202,4.6
神农架风景区,湖北,266,4.6
三峡大瀑布,湖北,105,4.7
荆州方特东方神画,湖北,159,4.7
黄鹤楼,湖北,70,4.6
湖北省博物馆,湖北,免费,4.9
晴川阁,湖北,免费,4.7
恩施大峡谷,湖北,185,4.4
交运两坝一峡游船,湖北,258,4.7
鹤峰屏山旅游景区,湖北,207,4.4
三峡人家,湖北,197,4.5
长江三峡,湖北,免费,4.8
东湖生态旅游风景区,湖北,免费,4.7
汉口江滩,湖北,免费,4.5
长江,湖北,免费,0
三峡晓峰旅游区,湖北,免费,5
恩施梭布垭石林景区,湖北,106,4.6
中国唐城,湖北,80,4.5
恩施土司城,湖北,42,4.3
韶山旅游区,湖南,免费,暂无评分
张家界国家森林公园,湖南,232,4.6
南岳衡山风景名胜区,湖南,110,4.5
天门山国家森林公园,湖南,285,4.6
芙蓉镇,湖南,98,4.4
橘子洲景区,湖南,免费,4.6
湖南省博物馆,湖南,免费,4.8
岳麓山,湖南,免费,4.6
杜甫江阁,湖南,18,4.6
凤凰古城,湖南,免费,4.3
岳阳楼景区,湖南,56,4.6
高椅岭旅游区,湖南,95,4.5
张家界七十二奇楼,湖南,48,4.1
张家界大峡谷,湖南,53,4.7
仰天湖大草原,湖南,118,4.5
东江湖旅游区,湖南,80,4.5
李自健美术馆,湖南,免费,4.9
黄龙洞景区,湖南,118,4.6
莽山五指峰景区,湖南,278,4.5
岳麓书院,湖南,免费,4.6
丹霞山,广东,80,4.6
万绿湖风景区,广东,158,4.7
赤坎·广东华侨国际旅游度假区,广东,150,4.6
白水寨风景名胜区,广东,48,4.6
广东罗浮山风景名胜区,广东,43,4.6
珠海长隆海洋王国,广东,373,4.8
长隆野生动物世界,广东,298,4.8
广州长隆度假区,广东,100,4.7
广州塔,广东,135,4.6
深圳世界之窗,广东,118,4.6
广州长隆国际大马戏,广东,240,4.7
南越王博物院(王墓展区),广东,8,4.6
珠江夜游,广东,73,4.5
长隆飞船乐园,广东,325,4.9
南澳岛,广东,免费,4.4
潮州古城,广东,免费,4.5
长隆欢乐世界,广东,240,4.7
甘坑古镇,广东,免费,4.5
越秀公园,广东,免费,4.5
德天跨国瀑布景区,广西,110,4.7
象鼻山景区,广西,免费,4.6
通灵大峡谷,广西,109,4.5
峒那屿湾景区,广西,60,4.5
伏那秘境,广西,88,4.7
涠洲岛,广西,96,4.4
青秀山,广西,19,4.8
龙脊梯田,广西,80,4.5
漓江三星游船,广西,215,4.5
独秀峰王城景区,广西,免费,4.9
遇龙河竹筏漂游,广西,350,4.4
桂林两江四湖景区,广西,免费,4.5
北海银滩景区,广西,免费,4.5
明仕田园,广西,110,4.2
桂林漓江景区,广西,215,4.6
《印象刘三姐》山水实景演出,广西,238,4
漓江四星游船,广西,360,4.5
南宁方特东盟神画,广西,162,4.9
银子岩,广西,62,4.5
阳朔如意峰索道景区,广西,208,4.7
兴隆热带植物园,海南,49,4.7
巴厘村,海南,44,4
蜈支洲岛,海南,140,4.6
七仙岭温泉国家森林公园,海南,48,4.3
分界洲岛,海南,122,4.5
三亚亚特兰蒂斯水世界,海南,188,4.9
三亚亚特兰蒂斯度假区,海南,免费,4.7
西岛,海南,95,4.6
三亚南山文化旅游区,海南,129,4.7
亚龙湾热带天堂森林公园,海南,158,4.6
三亚亚特兰蒂斯失落的空间水族馆,海南,187,4.7
天涯海角,海南,免费,4.5
鹿回头风景区,海南,免费,4.7
三亚千古情,海南,255,4.6
雷琼海口火山群世界地质公园,海南,48,4.6
南山海上观音,海南,免费,4.8
呀诺达热带雨林,海南,208,4.6
南湾猴岛生态旅游区,海南,96,4.3
海南海洋欢乐世界度假区,海南,158,4.8
海南海洋欢乐世界,海南,158,4.7
重庆动物园,重庆,24,4.7
816工程景区,重庆,55,4.7
人民大礼堂,重庆,8,4.4
大足石刻,重庆,110,4.6
钓鱼城,重庆,58,4.6
洪崖洞民俗风貌区,重庆,免费,4.6
武隆天生三桥,重庆,155,4.6
武隆喀斯特旅游区,重庆,50,4.6
长江索道,重庆,30,4.2
解放碑步行街,重庆,免费,4.7
重庆云端之眼观景台,重庆,68,4.8
白帝城·瞿塘峡景区,重庆,100,4.6
重庆两江游,重庆,153,4.4
磁器口古镇,重庆,免费,4.6
长江三峡,重庆,免费,4.8
仙女山国家森林公园,重庆,50,4.5
《重庆·1949》演出,重庆,204,4.8
三峡之巅景区,重庆,70,4.7
重庆湖广会馆,重庆,32,4.5
巫山小三峡,重庆,120,4.5
四姑娘山景区,四川,60,4.7
二郎山喇叭河风景区,四川,49,4.4
九寨沟风景区,四川,280,4.8
蒙顶山,四川,45,4.7
剑门关,四川,100,4.6
成都大熊猫繁育研究基地,四川,54,4.6
都江堰景区,四川,78,4.7
青城山,四川,80,4.6
杜甫草堂,四川,50,4.7
三星堆博物馆,四川,72,4.5
峨眉山,四川,140,4.8
武侯祠,四川,50,4.6
乐山大佛,四川,80,4.6
毕棚沟,四川,139,4.6
黄龙风景名胜区,四川,170,4.6
稻城亚丁,四川,免费,4.6
梨园会馆-非遗川剧变脸演出(文殊院店),四川,49.9,4.9
文殊坊,四川,免费,4.8
熊猫谷,四川,55,4.4
四姑娘山双桥沟景区,四川,148,4.7
西江千户苗寨,贵州,90,4.3
织金洞,贵州,110,4.7
梵净山,贵州,112,4.6
荔波小七孔景区,贵州,120,4.7
黄果树景区,贵州,160,4.6
花溪夜郎谷,贵州,20,4.4
万峰林景区,贵州,70,4.7
中国天眼景区,贵州,148,4.5
青岩古镇,贵州,60,4.3
马岭河峡谷景区,贵州,70,4.6
肇兴侗寨,贵州,78,4.4
天河潭旅游度假区,贵州,73,4.4
龙宫景区,贵州,150,4.5
乌蒙大草原,贵州,29,4.3
贵州乌江寨国际旅游度假区,贵州,120,4.2
镇远古城,贵州,免费,4.5
高过河漂流,贵州,220,4.6
贵州高过河风景名胜区,贵州,免费,4.3
花江峡谷大桥桥旅融合服务区,贵州,99,4.6
峰林布依景区,贵州,94,4.4
世界恐龙谷,云南,160,4.5
东风韵景区,云南,80,4.4
泸沽湖,云南,70,4.7
玉龙雪山,云南,免费,4.4
普达措国家公园,云南,136,4.4
滇池,云南,免费,4.7
香格里拉巴拉格宗风景名胜区,云南,165,4.5
中国科学院西双版纳热带植物园,云南,80,4.8
曼听御花园,云南,40,4.5
石林风景区,云南,130,4.7
野象谷,云南,58,4.3
虎跳峡(香格里拉段),云南,45,4.6
苍山,云南,130,4.5
腾冲热海风景区,云南,免费,4.5
西双版纳原始森林公园,云南,45,4.3
云南民族村,云南,50,4.3
西双版纳傣族园,云南,45,4.4
崇圣寺三塔文化旅游区,云南,73,4.7
太阳河森林公园,云南,免费,4.6
和顺古镇景区,云南,27.5,4.4
巴松措,西藏,118,4.6
纳木措景区,西藏,210,4.5
雅鲁藏布大峡谷,西藏,140,4.6
羊卓雍错,西藏,100,4.6
扎什伦布寺,西藏,免费,4.6
布达拉宫,西藏,免费,4.7
纳木措国家公园,西藏,免费,4.4
大昭寺,西藏,免费,4.5
南迦巴瓦峰,西藏,免费,4.1
珠峰大本营,西藏,免费,4.7
《文成公主》大型史诗剧,西藏,298,4.5
文成公主剧场,西藏,298,4.3
八廓街,西藏,免费,4.7
纳木措圣象天门,西藏,80,4.2
冈仁波齐,西藏,150,4.7
珠峰景区,西藏,免费,4.7
珠穆朗玛峰国家公园,西藏,免费,4.8
西藏博物馆,西藏,免费,4.5
索松村,西藏,免费,4.4
卡定沟景区,西藏,36,4.5
西安博物院,陕西,免费,4.6
陕西黄河壶口瀑布,陕西,73,4.6
甘泉大峡谷,陕西,166,4.7
太白山国家森林公园,陕西,180,4.5
黄帝陵,陕西,75,4.6
秦始皇帝陵博物院(兵马俑),陕西,120,4.7
陕西历史博物馆,陕西,免费,4.8
西安城墙,陕西,54,4.6
华清宫,陕西,108,4.6
华山,陕西,80,4.7
《长恨歌》演出,陕西,179,4.5
大唐不夜城,陕西,免费,4.5
西安钟楼,陕西,30,4.5
西安逛博物馆,陕西,免费,0
赳赳大秦,陕西,258,4.9
大唐芙蓉园,陕西,68,4.4
大雁塔,陕西,免费,4.7
长安十二时辰主题街区,陕西,68,4.1
西安碑林博物馆,陕西,85,4.7
大雁塔文化休闲景区,陕西,免费,4.5
张掖七彩丹霞旅游景区,甘肃,106,4.7
鸣沙山月牙泉,甘肃,108,4.7
嘉峪关关城,甘肃,108,4.5
扎尕那,甘肃,80,4.3
天梯山石窟,甘肃,30,4.6
兰州水墨丹霞旅游景区,甘肃,80,4.5
莫高窟,甘肃,238,4.4
平山湖大峡谷,甘肃,127,4.7
甘肃省博物馆,甘肃,免费,4.6
祁连山冰沟河景区,甘肃,120,4.8
张掖大佛寺,甘肃,40,4.7
敦煌書局,甘肃,免费,4.8
马蹄石窟群旅游区,甘肃,52,4.6
敦煌博物馆,甘肃,免费,4.7
麦积山石窟,甘肃,105,4.5
麦积山风景名胜区,甘肃,117,4.5
阳关景区,甘肃,50,4.5
黄河楼,甘肃,30,4.6
《又见敦煌》演出,甘肃,268,4.3
官鹅沟大景区,甘肃,150,4.3
青海藏文化博物院,青海,免费,4.8
茶卡盐湖,青海,59,4.3
青海湖景区,青海,50,4.5
察尔汗盐湖,青海,102,4.7
大柴旦翡翠湖旅游景区,青海,60,4.5
塔尔寺,青海,70,4.7
青海湖二郎剑景区,青海,190,4.3
青藏高原野生动物园,青海,30,4.6
乌素特水上雅丹地质公园,青海,54,4.5
日月山,青海,54,4.5
卓尔山,青海,78,4.6
黑独山,青海,免费,4.2
茶卡盐湖-茶卡天空壹号景区,青海,60,4.3
祁连山草原,青海,免费,4.4
茫崖艾肯泉,青海,40,4
坎布拉景区,青海,免费,4.2
青海湖圣泉湾,青海,免费,4.6
门源百里油菜花海,青海,330,4.4
青海省博物馆,青海,免费,4.4
青海湖·黑马河,青海,免费,4.6
沙坡头,宁夏,40,4.8
青铜峡黄河大峡谷旅游区,宁夏,40,4.7
西夏陵,宁夏,免费,4.6
贺兰山岩画,宁夏,65,4.6
宁夏水洞沟旅游区,宁夏,60,4.6
镇北堡西部影城,宁夏,76,4.5
宁夏博物馆,宁夏,免费,4.8
宁夏贺兰山国家森林公园,宁夏,75,4.5
沙湖生态旅游区,宁夏,198,4.5
看见贺兰,宁夏,158,4.8
宁夏地质博物馆,宁夏,免费,4.8
腾格里沙漠,宁夏,免费,4.7
六盘山国家森林公园,宁夏,176,4.3
览山公园,宁夏,免费,4.5
沙坡头旅游景区时空之门,宁夏,40,4.9
黄沙古渡原生态旅游区,宁夏,1055,4.4
西夏陵博物馆,宁夏,免费,4.6
龙谕酒庄,宁夏,免费,4.6
须弥山石窟,宁夏,48,4.1
源石酒庄,宁夏,免费,4.7
世界魔鬼城,新疆,62,4.3
禾木风景区,新疆,75,4.5
喀纳斯景区,新疆,227,4.6
赛里木湖,新疆,100,4.7
白沙山-白沙湖景区,新疆,39.8,4.5
天山天池,新疆,152,4.6
那拉提旅游风景区,新疆,135,4.5
新疆维吾尔自治区博物馆,新疆,免费,4.8
喀拉峻景区,新疆,140,4.6
巴音布鲁克景区,新疆,127,4.5
葡萄沟,新疆,免费,4.2
新疆国际大巴扎,新疆,免费,4.5
天山神秘大峡谷,新疆,40,4.6
喀什古城,新疆,免费,4.7
库尔德宁景区,新疆,60,4.5
火焰山景区,新疆,40,4.2
五彩滩,新疆,45,4.4
独山子大峡谷,新疆,30,4.4
乌鲁木齐天山大峡谷,新疆,110,4.3
将军山国际滑雪度假区,新疆,395,4.6
山顶缆车,香港,71,4.6
香港海洋公园,香港,414,4.6
香港迪士尼乐园,香港,495,4.7
香港故宫文化博物馆,香港,58,4.7
昂坪360,香港,140,4.7
太平山顶,香港,免费,4.6
渣打香港马拉松2027,香港,1279,0
香港摩天轮,香港,17.5,4.6
维多利亚港,香港,免费,4.7
Big Bus香港观光巴士游,香港,224.16,4.4
中国香港 ·  BIGBANG 2026-2027 WORLD TOUR < XX : COSMOS > IN HONG KONG,香港,免费,5
港珠澳大桥游,香港,188,4.5
M+,香港,160,4.7
中国香港 · Bruno Mars - The Romantic Tour,香港,1137,0
中国香港 · BTS WORLD TOUR 'ARIRANG' IN HONG KONG,香港,免费,2
香港机场快线列车,香港,51,4.9
天星小轮,香港,274,4.5
香港杜莎夫人蜡像馆,香港,146,4.6
中国香港 · AXA安盛呈献《You & Mi 郑秀文演唱会2026亚洲巡回终点站－香港启德主场馆》,香港,免费,4.6
香港港澳码头,香港,免费,4.7
澳门新濠天地《水舞间》,澳门,588,4.8
澳门大赛车博物馆,澳门,44.7,4.7
NBA HOUSE,澳门,免费,0
澳门teamLab超自然空间,澳门,179,4.6
影汇之星8字形摩天轮,澳门,66,4.6
中国澳门 · 2026 GONG YOO ASIA FANMEETING TOUR 〈THE LONG TAKE〉 IN MACAU,澳门,791,0
新濠天地,澳门,免费,4.8
澳门旅游塔,澳门,116,4.6
港珠澳大桥游,澳门,188,4.5
澳门新濠影汇度假区,澳门,免费,4.6
新濠影汇水上乐园,澳门,288,4.7
澳门开篷观光巴士,澳门,154,4.5
澳门科学馆,澳门,28.9,4.7
中国澳门 · 澳门2049,澳门,214,4.6
中国澳门 · 银河度假呈献：MC张天赋《E=MC² 演唱会 2026》澳门站,澳门,674,0
贡多拉船体验之旅（澳门威尼斯人）,澳门,125,4.5
大三巴牌坊,澳门,免费,4.7
澳门氹仔客运码头,澳门,免费,4.6
澳门巴黎铁塔（澳门巴黎人）,澳门,65,4.7
保利美高梅博物馆,澳门,免费,4.9
台北故宫博物院,台湾,32,4.7
野柳地质公园,台湾,24,4.8
日月潭,台湾,免费,4.8
台北101大楼,台湾,免费,4.7
士林官邸正馆,台湾,19,4.8
中国台湾台北 · BIGBANG 2026-2027 WORLD TOUR < XX : COSMOS > IN TAIPEI,台湾,免费,0
台北101观景台,台湾,116,4.6
猫空缆车,台湾,63,4.7
台北市立动物园,台湾,20,4.8
鲸世界赏鲸(花莲港),台湾,152,4.7
中国台湾高雄 · BIGBANG 2026-2027 WORLD TOUR < XX : COSMOS > IN KAOHSIUNG,台湾,免费,0
中国台湾高雄 · BTS 2026《ARIRANG》世界巡演,台湾,免费,0
中国台湾高雄 · Westlife 25周年演唱会,台湾,免费,0
猫空,台湾,免费,4.7
中国台湾台北 · YUURI优里 2026演唱会,台湾,免费,0
阿里山国家森林游乐区,台湾,43,4.8
阿里山国家风景区,台湾,免费,4.8
奇美博物馆,台湾,43,4.8
台湾海洋生物博物馆,台湾,86,4.8
打狗英国领事馆,台湾,免费,4.6
