省份,城市,城市ID,目录上榜数量,已获取数量,状态,错误
上海市,上海市,1,160,20,已获取前20家,
北京市,北京市,2,146,20,已获取前20家,
浙江省,杭州市,3,63,20,已获取前20家,
广东省,广州市,4,84,20,已获取前20家,
江苏省,南京市,5,65,20,已获取前20家,
江苏省,苏州市,6,67,20,已获取前20家,
广东省,深圳市,7,85,20,已获取前20家,
四川省,成都市,8,94,20,已获取前20家,
重庆市,重庆市,9,93,20,已获取前20家,
天津市,天津市,10,59,20,已获取前20家,
浙江省,宁波市,11,31,20,已获取前20家,
江苏省,扬州市,12,21,20,已获取前20家,
江苏省,无锡市,13,42,20,已获取前20家,
福建省,福州市,14,39,20,已获取前20家,
福建省,厦门市,15,45,20,已获取前20家,
湖北省,武汉市,16,66,20,已获取前20家,
陕西省,西安市,17,71,20,已获取前20家,
辽宁省,沈阳市,18,41,20,已获取前20家,
辽宁省,大连市,19,40,20,已获取前20家,
山东省,青岛市,21,48,20,已获取前20家,
山东省,济南市,22,40,20,已获取前20家,
海南省,海口市,23,18,18,不足20家，按实际榜单保留,
河北省,石家庄市,24,26,20,已获取前20家,
河北省,唐山市,25,9,9,不足20家，按实际榜单保留,
河北省,秦皇岛市,26,14,14,不足20家，按实际榜单保留,
河北省,邯郸市,27,10,10,不足20家，按实际榜单保留,
河北省,保定市,29,10,10,不足20家，按实际榜单保留,
河北省,张家口市,30,9,9,不足20家，按实际榜单保留,
河北省,承德市,31,9,9,不足20家，按实际榜单保留,
河北省,沧州市,32,13,13,不足20家，按实际榜单保留,
河北省,廊坊市,33,11,11,不足20家，按实际榜单保留,
山西省,太原市,35,25,20,已获取前20家,
山西省,大同市,36,11,11,不足20家，按实际榜单保留,
山西省,长治市,38,8,8,不足20家，按实际榜单保留,
山西省,晋中市,41,7,7,不足20家，按实际榜单保留,
山西省,运城市,42,8,8,不足20家，按实际榜单保留,
山西省,忻州市,43,7,7,不足20家，按实际榜单保留,
山西省,临汾市,44,7,7,不足20家，按实际榜单保留,
内蒙古自治区,呼和浩特市,46,16,16,不足20家，按实际榜单保留,
内蒙古自治区,包头市,47,10,10,不足20家，按实际榜单保留,
内蒙古自治区,赤峰市,49,9,9,不足20家，按实际榜单保留,
内蒙古自治区,鄂尔多斯市,51,11,11,不足20家，按实际榜单保留,
内蒙古自治区,呼伦贝尔市,52,13,13,不足20家，按实际榜单保留,
内蒙古自治区,锡林郭勒盟,54,12,12,不足20家，按实际榜单保留,
内蒙古自治区,乌兰察布市,55,9,9,不足20家，按实际榜单保留,
辽宁省,鞍山市,58,12,12,不足20家，按实际榜单保留,
辽宁省,抚顺市,59,7,7,不足20家，按实际榜单保留,
辽宁省,丹东市,61,15,15,不足20家，按实际榜单保留,
辽宁省,锦州市,62,10,10,不足20家，按实际榜单保留,
辽宁省,营口市,63,8,8,不足20家，按实际榜单保留,
辽宁省,葫芦岛市,69,6,6,不足20家，按实际榜单保留,
吉林省,长春市,70,47,20,已获取前20家,
吉林省,吉林市,71,9,9,不足20家，按实际榜单保留,
吉林省,延边朝鲜族自治州,78,13,13,不足20家，按实际榜单保留,
黑龙江省,哈尔滨市,79,44,20,已获取前20家,
黑龙江省,齐齐哈尔市,80,10,10,不足20家，按实际榜单保留,
黑龙江省,大庆市,84,7,7,不足20家，按实际榜单保留,
江苏省,徐州市,92,20,20,已获取前20家,
江苏省,常州市,93,29,20,已获取前20家,
江苏省,南通市,94,23,20,已获取前20家,
江苏省,连云港市,95,6,6,不足20家，按实际榜单保留,
江苏省,淮安市,96,9,9,不足20家，按实际榜单保留,
江苏省,盐城市,97,10,10,不足20家，按实际榜单保留,
江苏省,镇江市,98,15,15,不足20家，按实际榜单保留,
江苏省,泰州市,99,11,11,不足20家，按实际榜单保留,
江苏省,宿迁市,100,8,8,不足20家，按实际榜单保留,
浙江省,温州市,101,26,20,已获取前20家,
浙江省,嘉兴市,102,25,20,已获取前20家,
浙江省,湖州市,103,16,16,不足20家，按实际榜单保留,
浙江省,绍兴市,104,14,14,不足20家，按实际榜单保留,
浙江省,金华市,105,12,12,不足20家，按实际榜单保留,
浙江省,衢州市,106,9,9,不足20家，按实际榜单保留,
浙江省,舟山市,107,8,8,不足20家，按实际榜单保留,
浙江省,台州市,108,22,20,已获取前20家,
浙江省,丽水市,109,7,7,不足20家，按实际榜单保留,
安徽省,合肥市,110,38,20,已获取前20家,
安徽省,芜湖市,111,8,8,不足20家，按实际榜单保留,
安徽省,蚌埠市,112,8,8,不足20家，按实际榜单保留,
安徽省,淮南市,113,7,7,不足20家，按实际榜单保留,
安徽省,马鞍山市,114,8,8,不足20家，按实际榜单保留,
安徽省,安庆市,117,9,9,不足20家，按实际榜单保留,
安徽省,黄山市,118,6,6,不足20家，按实际榜单保留,
安徽省,滁州市,119,8,8,不足20家，按实际榜单保留,
安徽省,阜阳市,120,7,7,不足20家，按实际榜单保留,
安徽省,六安市,123,6,6,不足20家，按实际榜单保留,
安徽省,宣城市,126,9,9,不足20家，按实际榜单保留,
福建省,莆田市,127,10,10,不足20家，按实际榜单保留,
福建省,三明市,128,9,9,不足20家，按实际榜单保留,
福建省,泉州市,129,24,20,已获取前20家,
福建省,漳州市,130,11,11,不足20家，按实际榜单保留,
福建省,南平市,131,7,7,不足20家，按实际榜单保留,
福建省,龙岩市,132,10,10,不足20家，按实际榜单保留,
福建省,宁德市,133,11,11,不足20家，按实际榜单保留,
江西省,南昌市,134,18,18,不足20家，按实际榜单保留,
江西省,景德镇市,135,8,8,不足20家，按实际榜单保留,
江西省,九江市,137,8,8,不足20家，按实际榜单保留,
江西省,赣州市,140,9,9,不足20家，按实际榜单保留,
江西省,吉安市,141,6,6,不足20家，按实际榜单保留,
江西省,宜春市,142,9,9,不足20家，按实际榜单保留,
江西省,上饶市,144,8,8,不足20家，按实际榜单保留,
山东省,淄博市,145,13,13,不足20家，按实际榜单保留,
山东省,枣庄市,146,9,9,不足20家，按实际榜单保留,
山东省,东营市,147,9,9,不足20家，按实际榜单保留,
山东省,烟台市,148,25,20,已获取前20家,
山东省,潍坊市,149,9,9,不足20家，按实际榜单保留,
山东省,济宁市,150,11,11,不足20家，按实际榜单保留,
山东省,泰安市,151,7,7,不足20家，按实际榜单保留,
山东省,威海市,152,10,10,不足20家，按实际榜单保留,
山东省,日照市,153,8,8,不足20家，按实际榜单保留,
山东省,临沂市,155,6,6,不足20家，按实际榜单保留,
山东省,德州市,156,7,7,不足20家，按实际榜单保留,
山东省,聊城市,157,9,9,不足20家，按实际榜单保留,
山东省,滨州市,158,6,6,不足20家，按实际榜单保留,
河南省,郑州市,160,47,20,已获取前20家,
河南省,开封市,161,6,6,不足20家，按实际榜单保留,
河南省,洛阳市,162,10,10,不足20家，按实际榜单保留,
河南省,安阳市,164,7,7,不足20家，按实际榜单保留,
河南省,新乡市,166,7,7,不足20家，按实际榜单保留,
河南省,许昌市,169,11,11,不足20家，按实际榜单保留,
河南省,南阳市,172,8,8,不足20家，按实际榜单保留,
河南省,商丘市,173,6,6,不足20家，按实际榜单保留,
河南省,信阳市,174,7,7,不足20家，按实际榜单保留,
湖北省,十堰市,178,11,11,不足20家，按实际榜单保留,
湖北省,宜昌市,179,9,9,不足20家，按实际榜单保留,
湖北省,襄阳市,180,7,7,不足20家，按实际榜单保留,
湖北省,孝感市,183,6,6,不足20家，按实际榜单保留,
湖北省,荆州市,184,8,8,不足20家，按实际榜单保留,
湖北省,黄冈市,185,6,6,不足20家，按实际榜单保留,
湖北省,恩施土家族苗族自治州,188,8,8,不足20家，按实际榜单保留,
湖南省,株洲市,192,7,7,不足20家，按实际榜单保留,
湖南省,湘潭市,193,9,9,不足20家，按实际榜单保留,
湖南省,衡阳市,194,10,10,不足20家，按实际榜单保留,
湖南省,岳阳市,196,8,8,不足20家，按实际榜单保留,
湖南省,常德市,197,10,10,不足20家，按实际榜单保留,
湖南省,张家界市,198,6,6,不足20家，按实际榜单保留,
湖南省,益阳市,199,10,10,不足20家，按实际榜单保留,
湖南省,郴州市,200,11,11,不足20家，按实际榜单保留,
湖南省,娄底市,203,8,8,不足20家，按实际榜单保留,
广东省,韶关市,205,9,9,不足20家，按实际榜单保留,
广东省,珠海市,206,19,19,不足20家，按实际榜单保留,
广东省,汕头市,207,36,20,已获取前20家,
广东省,佛山市,208,28,20,已获取前20家,
广东省,江门市,209,10,10,不足20家，按实际榜单保留,
广东省,湛江市,210,9,9,不足20家，按实际榜单保留,
广东省,茂名市,211,9,9,不足20家，按实际榜单保留,
广东省,肇庆市,212,9,9,不足20家，按实际榜单保留,
广东省,惠州市,213,26,20,已获取前20家,
广东省,梅州市,214,8,8,不足20家，按实际榜单保留,
广东省,汕尾市,215,12,12,不足20家，按实际榜单保留,
广东省,河源市,216,8,8,不足20家，按实际榜单保留,
广东省,阳江市,217,7,7,不足20家，按实际榜单保留,
广东省,清远市,218,10,10,不足20家，按实际榜单保留,
广东省,东莞市,219,35,20,已获取前20家,
广东省,中山市,220,18,18,不足20家，按实际榜单保留,
广东省,潮州市,221,10,10,不足20家，按实际榜单保留,
广东省,揭阳市,222,10,10,不足20家，按实际榜单保留,
广东省,云浮市,223,7,7,不足20家，按实际榜单保留,
广西壮族自治区,南宁市,224,38,20,已获取前20家,
广西壮族自治区,柳州市,225,12,12,不足20家，按实际榜单保留,
广西壮族自治区,桂林市,226,19,18,部分资料未获取,部分上榜店铺资料未获取：23299649
广西壮族自治区,北海市,228,9,9,不足20家，按实际榜单保留,
广西壮族自治区,防城港市,229,8,8,不足20家，按实际榜单保留,
四川省,自贡市,238,11,11,不足20家，按实际榜单保留,
四川省,泸州市,240,7,7,不足20家，按实际榜单保留,
四川省,德阳市,241,9,9,不足20家，按实际榜单保留,
四川省,绵阳市,242,12,12,不足20家，按实际榜单保留,
四川省,广元市,243,12,12,不足20家，按实际榜单保留,
四川省,内江市,245,11,11,不足20家，按实际榜单保留,
四川省,乐山市,246,17,17,不足20家，按实际榜单保留,
四川省,南充市,247,10,10,不足20家，按实际榜单保留,
四川省,眉山市,248,12,11,部分资料未获取,部分上榜店铺资料未获取：18400462
四川省,宜宾市,249,11,11,不足20家，按实际榜单保留,
四川省,达州市,251,9,9,不足20家，按实际榜单保留,
四川省,雅安市,252,7,7,不足20家，按实际榜单保留,
四川省,阿坝藏族羌族自治州,255,12,11,部分资料未获取,部分上榜店铺资料未获取：23661221
四川省,甘孜藏族自治州,256,10,10,不足20家，按实际榜单保留,
四川省,凉山彝族自治州,257,13,13,不足20家，按实际榜单保留,
贵州省,贵阳市,258,38,20,已获取前20家,
贵州省,遵义市,260,6,6,不足20家，按实际榜单保留,
贵州省,安顺市,261,10,10,不足20家，按实际榜单保留,
贵州省,黔西南布依族苗族自治州,263,10,10,不足20家，按实际榜单保留,
贵州省,黔东南苗族侗族自治州,265,12,12,不足20家，按实际榜单保留,
贵州省,黔南布依族苗族自治州,266,13,13,不足20家，按实际榜单保留,
云南省,昆明市,267,26,20,已获取前20家,
云南省,玉溪市,269,8,8,不足20家，按实际榜单保留,
云南省,保山市,270,11,11,不足20家，按实际榜单保留,
云南省,红河哈尼族彝族自治州,273,14,14,不足20家，按实际榜单保留,
云南省,西双版纳傣族自治州,276,9,9,不足20家，按实际榜单保留,
云南省,大理白族自治州,277,13,13,不足20家，按实际榜单保留,
云南省,丽江市,279,7,7,不足20家，按实际榜单保留,
云南省,迪庆藏族自治州,281,8,8,不足20家，按实际榜单保留,
西藏自治区,拉萨市,283,7,7,不足20家，按实际榜单保留,
陕西省,宝鸡市,291,5,5,不足20家，按实际榜单保留,
陕西省,咸阳市,292,7,7,不足20家，按实际榜单保留,
陕西省,渭南市,293,7,7,不足20家，按实际榜单保留,
陕西省,延安市,294,9,9,不足20家，按实际榜单保留,
陕西省,汉中市,295,8,8,不足20家，按实际榜单保留,
陕西省,榆林市,296,8,8,不足20家，按实际榜单保留,
陕西省,商洛市,298,5,5,不足20家，按实际榜单保留,
甘肃省,兰州市,299,22,20,已获取前20家,
甘肃省,天水市,303,10,10,不足20家，按实际榜单保留,
甘肃省,张掖市,305,9,9,不足20家，按实际榜单保留,
甘肃省,酒泉市,307,10,10,不足20家，按实际榜单保留,
青海省,西宁市,313,11,11,不足20家，按实际榜单保留,
宁夏回族自治区,银川市,321,12,12,不足20家，按实际榜单保留,
新疆维吾尔自治区,乌鲁木齐市,325,24,20,已获取前20家,
新疆维吾尔自治区,喀什地区,334,9,9,不足20家，按实际榜单保留,
新疆维吾尔自治区,伊犁哈萨克自治州,336,7,7,不足20家，按实际榜单保留,
新疆维吾尔自治区,阿勒泰地区,338,9,9,不足20家，按实际榜单保留,
香港特别行政区,香港,341,35,20,已获取前20家,
澳门特别行政区,澳门,342,29,20,已获取前20家,
湖南省,长沙市,344,46,20,已获取前20家,
海南省,三亚市,345,17,17,不足20家，按实际榜单保留,
广西壮族自治区,崇左市,394,8,8,不足20家，按实际榜单保留,
海南省,陵水黎族自治县,401,7,7,不足20家，按实际榜单保留,
海南省,万宁市,407,5,5,不足20家，按实际榜单保留,
海南省,文昌市,408,9,9,不足20家，按实际榜单保留,
台湾省,台北市,2335,15,15,不足20家，按实际榜单保留,
河北省,邢台市,,,0,未列入当前必吃榜城市目录,
河北省,衡水市,,,0,未列入当前必吃榜城市目录,
山西省,阳泉市,,,0,未列入当前必吃榜城市目录,
山西省,晋城市,,,0,未列入当前必吃榜城市目录,
山西省,朔州市,,,0,未列入当前必吃榜城市目录,
山西省,吕梁市,,,0,未列入当前必吃榜城市目录,
内蒙古自治区,乌海市,,,0,未列入当前必吃榜城市目录,
内蒙古自治区,通辽市,,,0,未列入当前必吃榜城市目录,
内蒙古自治区,巴彦淖尔市,,,0,未列入当前必吃榜城市目录,
内蒙古自治区,兴安盟,,,0,未列入当前必吃榜城市目录,
内蒙古自治区,阿拉善盟,,,0,未列入当前必吃榜城市目录,
辽宁省,本溪市,,,0,未列入当前必吃榜城市目录,
辽宁省,阜新市,,,0,未列入当前必吃榜城市目录,
辽宁省,辽阳市,,,0,未列入当前必吃榜城市目录,
辽宁省,盘锦市,,,0,未列入当前必吃榜城市目录,
辽宁省,铁岭市,,,0,未列入当前必吃榜城市目录,
辽宁省,朝阳市,,,0,未列入当前必吃榜城市目录,
吉林省,四平市,,,0,未列入当前必吃榜城市目录,
吉林省,辽源市,,,0,未列入当前必吃榜城市目录,
吉林省,通化市,,,0,未列入当前必吃榜城市目录,
吉林省,白山市,,,0,未列入当前必吃榜城市目录,
吉林省,松原市,,,0,未列入当前必吃榜城市目录,
吉林省,白城市,,,0,未列入当前必吃榜城市目录,
黑龙江省,鸡西市,,,0,未列入当前必吃榜城市目录,
黑龙江省,鹤岗市,,,0,未列入当前必吃榜城市目录,
黑龙江省,双鸭山市,,,0,未列入当前必吃榜城市目录,
黑龙江省,伊春市,,,0,未列入当前必吃榜城市目录,
黑龙江省,佳木斯市,,,0,未列入当前必吃榜城市目录,
黑龙江省,七台河市,,,0,未列入当前必吃榜城市目录,
黑龙江省,牡丹江市,,,0,未列入当前必吃榜城市目录,
黑龙江省,黑河市,,,0,未列入当前必吃榜城市目录,
黑龙江省,绥化市,,,0,未列入当前必吃榜城市目录,
黑龙江省,大兴安岭地区,,,0,未列入当前必吃榜城市目录,
安徽省,淮北市,,,0,未列入当前必吃榜城市目录,
安徽省,铜陵市,,,0,未列入当前必吃榜城市目录,
安徽省,宿州市,,,0,未列入当前必吃榜城市目录,
安徽省,亳州市,,,0,未列入当前必吃榜城市目录,
安徽省,池州市,,,0,未列入当前必吃榜城市目录,
江西省,萍乡市,,,0,未列入当前必吃榜城市目录,
江西省,新余市,,,0,未列入当前必吃榜城市目录,
江西省,鹰潭市,,,0,未列入当前必吃榜城市目录,
江西省,抚州市,,,0,未列入当前必吃榜城市目录,
山东省,菏泽市,,,0,未列入当前必吃榜城市目录,
河南省,平顶山市,,,0,未列入当前必吃榜城市目录,
河南省,鹤壁市,,,0,未列入当前必吃榜城市目录,
河南省,焦作市,,,0,未列入当前必吃榜城市目录,
河南省,濮阳市,,,0,未列入当前必吃榜城市目录,
河南省,漯河市,,,0,未列入当前必吃榜城市目录,
河南省,三门峡市,,,0,未列入当前必吃榜城市目录,
河南省,周口市,,,0,未列入当前必吃榜城市目录,
河南省,驻马店市,,,0,未列入当前必吃榜城市目录,
河南省,济源市,,,0,未列入当前必吃榜城市目录（省直辖县级地区）,
湖北省,黄石市,,,0,未列入当前必吃榜城市目录,
湖北省,鄂州市,,,0,未列入当前必吃榜城市目录,
湖北省,荆门市,,,0,未列入当前必吃榜城市目录,
湖北省,咸宁市,,,0,未列入当前必吃榜城市目录,
湖北省,随州市,,,0,未列入当前必吃榜城市目录,
湖北省,仙桃市,,,0,未列入当前必吃榜城市目录（省直辖县级地区）,
湖北省,潜江市,,,0,未列入当前必吃榜城市目录（省直辖县级地区）,
湖北省,天门市,,,0,未列入当前必吃榜城市目录（省直辖县级地区）,
湖北省,神农架林区,,,0,未列入当前必吃榜城市目录（省直辖县级地区）,
湖南省,邵阳市,,,0,未列入当前必吃榜城市目录,
湖南省,永州市,,,0,未列入当前必吃榜城市目录,
湖南省,怀化市,,,0,未列入当前必吃榜城市目录,
湖南省,湘西土家族苗族自治州,,,0,未列入当前必吃榜城市目录,
广西壮族自治区,梧州市,,,0,未列入当前必吃榜城市目录,
广西壮族自治区,钦州市,,,0,未列入当前必吃榜城市目录,
广西壮族自治区,贵港市,,,0,未列入当前必吃榜城市目录,
广西壮族自治区,玉林市,,,0,未列入当前必吃榜城市目录,
广西壮族自治区,百色市,,,0,未列入当前必吃榜城市目录,
广西壮族自治区,贺州市,,,0,未列入当前必吃榜城市目录,
广西壮族自治区,河池市,,,0,未列入当前必吃榜城市目录,
广西壮族自治区,来宾市,,,0,未列入当前必吃榜城市目录,
海南省,三沙市,,,0,未列入当前必吃榜城市目录,
海南省,儋州市,,,0,未列入当前必吃榜城市目录,
海南省,五指山市,,,0,未列入当前必吃榜城市目录（省直辖县级地区）,
海南省,琼海市,,,0,未列入当前必吃榜城市目录（省直辖县级地区）,
海南省,东方市,,,0,未列入当前必吃榜城市目录（省直辖县级地区）,
海南省,定安县,,,0,未列入当前必吃榜城市目录（省直辖县级地区）,
海南省,屯昌县,,,0,未列入当前必吃榜城市目录（省直辖县级地区）,
海南省,澄迈县,,,0,未列入当前必吃榜城市目录（省直辖县级地区）,
海南省,临高县,,,0,未列入当前必吃榜城市目录（省直辖县级地区）,
海南省,白沙黎族自治县,,,0,未列入当前必吃榜城市目录（省直辖县级地区）,
海南省,昌江黎族自治县,,,0,未列入当前必吃榜城市目录（省直辖县级地区）,
海南省,乐东黎族自治县,,,0,未列入当前必吃榜城市目录（省直辖县级地区）,
海南省,保亭黎族苗族自治县,,,0,未列入当前必吃榜城市目录（省直辖县级地区）,
海南省,琼中黎族苗族自治县,,,0,未列入当前必吃榜城市目录（省直辖县级地区）,
四川省,攀枝花市,,,0,未列入当前必吃榜城市目录,
四川省,遂宁市,,,0,未列入当前必吃榜城市目录,
四川省,广安市,,,0,未列入当前必吃榜城市目录,
四川省,巴中市,,,0,未列入当前必吃榜城市目录,
四川省,资阳市,,,0,未列入当前必吃榜城市目录,
贵州省,六盘水市,,,0,未列入当前必吃榜城市目录,
贵州省,毕节市,,,0,未列入当前必吃榜城市目录,
贵州省,铜仁市,,,0,未列入当前必吃榜城市目录,
云南省,曲靖市,,,0,未列入当前必吃榜城市目录,
云南省,昭通市,,,0,未列入当前必吃榜城市目录,
云南省,普洱市,,,0,未列入当前必吃榜城市目录,
云南省,临沧市,,,0,未列入当前必吃榜城市目录,
云南省,楚雄彝族自治州,,,0,未列入当前必吃榜城市目录,
云南省,文山壮族苗族自治州,,,0,未列入当前必吃榜城市目录,
云南省,德宏傣族景颇族自治州,,,0,未列入当前必吃榜城市目录,
云南省,怒江傈僳族自治州,,,0,未列入当前必吃榜城市目录,
西藏自治区,日喀则市,,,0,未列入当前必吃榜城市目录,
西藏自治区,昌都市,,,0,未列入当前必吃榜城市目录,
西藏自治区,林芝市,,,0,未列入当前必吃榜城市目录,
西藏自治区,山南市,,,0,未列入当前必吃榜城市目录,
西藏自治区,那曲市,,,0,未列入当前必吃榜城市目录,
西藏自治区,阿里地区,,,0,未列入当前必吃榜城市目录,
陕西省,铜川市,,,0,未列入当前必吃榜城市目录,
陕西省,安康市,,,0,未列入当前必吃榜城市目录,
甘肃省,嘉峪关市,,,0,未列入当前必吃榜城市目录,
甘肃省,金昌市,,,0,未列入当前必吃榜城市目录,
甘肃省,白银市,,,0,未列入当前必吃榜城市目录,
甘肃省,武威市,,,0,未列入当前必吃榜城市目录,
甘肃省,平凉市,,,0,未列入当前必吃榜城市目录,
甘肃省,庆阳市,,,0,未列入当前必吃榜城市目录,
甘肃省,定西市,,,0,未列入当前必吃榜城市目录,
甘肃省,陇南市,,,0,未列入当前必吃榜城市目录,
甘肃省,临夏回族自治州,,,0,未列入当前必吃榜城市目录,
甘肃省,甘南藏族自治州,,,0,未列入当前必吃榜城市目录,
青海省,海东市,,,0,未列入当前必吃榜城市目录,
青海省,海北藏族自治州,,,0,未列入当前必吃榜城市目录,
青海省,黄南藏族自治州,,,0,未列入当前必吃榜城市目录,
青海省,海南藏族自治州,,,0,未列入当前必吃榜城市目录,
青海省,果洛藏族自治州,,,0,未列入当前必吃榜城市目录,
青海省,玉树藏族自治州,,,0,未列入当前必吃榜城市目录,
青海省,海西蒙古族藏族自治州,,,0,未列入当前必吃榜城市目录,
宁夏回族自治区,石嘴山市,,,0,未列入当前必吃榜城市目录,
宁夏回族自治区,吴忠市,,,0,未列入当前必吃榜城市目录,
宁夏回族自治区,固原市,,,0,未列入当前必吃榜城市目录,
宁夏回族自治区,中卫市,,,0,未列入当前必吃榜城市目录,
新疆维吾尔自治区,克拉玛依市,,,0,未列入当前必吃榜城市目录,
新疆维吾尔自治区,吐鲁番市,,,0,未列入当前必吃榜城市目录,
新疆维吾尔自治区,哈密市,,,0,未列入当前必吃榜城市目录,
新疆维吾尔自治区,昌吉回族自治州,,,0,未列入当前必吃榜城市目录,
新疆维吾尔自治区,博尔塔拉蒙古自治州,,,0,未列入当前必吃榜城市目录,
新疆维吾尔自治区,巴音郭楞蒙古自治州,,,0,未列入当前必吃榜城市目录,
新疆维吾尔自治区,阿克苏地区,,,0,未列入当前必吃榜城市目录,
新疆维吾尔自治区,克孜勒苏柯尔克孜自治州,,,0,未列入当前必吃榜城市目录,
新疆维吾尔自治区,和田地区,,,0,未列入当前必吃榜城市目录,
新疆维吾尔自治区,塔城地区,,,0,未列入当前必吃榜城市目录,
新疆维吾尔自治区,石河子市,,,0,未列入当前必吃榜城市目录（省直辖县级地区）,
新疆维吾尔自治区,阿拉尔市,,,0,未列入当前必吃榜城市目录（省直辖县级地区）,
新疆维吾尔自治区,图木舒克市,,,0,未列入当前必吃榜城市目录（省直辖县级地区）,
新疆维吾尔自治区,五家渠市,,,0,未列入当前必吃榜城市目录（省直辖县级地区）,
新疆维吾尔自治区,北屯市,,,0,未列入当前必吃榜城市目录（省直辖县级地区）,
新疆维吾尔自治区,铁门关市,,,0,未列入当前必吃榜城市目录（省直辖县级地区）,
新疆维吾尔自治区,双河市,,,0,未列入当前必吃榜城市目录（省直辖县级地区）,
新疆维吾尔自治区,可克达拉市,,,0,未列入当前必吃榜城市目录（省直辖县级地区）,
新疆维吾尔自治区,昆玉市,,,0,未列入当前必吃榜城市目录（省直辖县级地区）,
新疆维吾尔自治区,胡杨河市,,,0,未列入当前必吃榜城市目录（省直辖县级地区）,
新疆维吾尔自治区,新星市,,,0,未列入当前必吃榜城市目录（省直辖县级地区）,
新疆维吾尔自治区,白杨市,,,0,未列入当前必吃榜城市目录（省直辖县级地区）,
