店铺名,店铺具体地点,评分,人均消费（元/人）,店铺特色菜
洞庭土菜馆（东山店）,中山一路小东园14号（近铁路文化宫小东园小区/东山口E口附近）,4.7,77,小炒黄牛肉
椰林海鲜码头（白云无限极店）,云城南二路2号无限极广场B座3楼301-305号,4.8,142,码头烧罗氏虾
骏犇潮州兄弟·官塘牛肉火锅（天河客运站店）,长兴路嘉福利晶酒店右侧100米,4.8,86,吊龙
翟辉冬瓜盅火锅（南村万博店）,官堂镇南路3号（万泓广场1层101号商铺）,4.8,98,五指毛桃冬瓜盅锅底
麻蒲碳烤肉（远景路1号店）,远景路24号韩食汇106-107铺,4.8,92,招牌秘制护心肉
虫之圆·老表咸汤圆（西华路店）,西华路455号（赵记传承巷内10米）,4.4,35,招牌鲜蚝泥虫咸汤圆
梁新记小食店（建设横马路店）,建设横马路30号1楼102,4,21,瘦肉拉肠
潮福餐馆（江南西店）,青柳大街35号,4.6,96,生腌虾
荔城生鲜盛宴（番禺旗舰店）,光明北路延长段东沙村路段,4.7,149,蒜蓉蒸长脚蟹
华哥新鲜猪精品美食,翠园道东朗沙洛新村七巷7号后门,4.8,84,猪X根
